,SI_SDR,STOI,WB_PESQ,NB_PESQ,avg_loss
train_run1,16.035789,0.850260,2.748121,3.164663,-16.035789
train_run2,16.060722,0.848270,2.744796,3.158168,-16.060722
valid_run1,14.664137,0.870153,2.626472,3.166952,-14.664137
test_run1,14.766665,0.871264,2.644257,3.185866,-14.766665
