,SI_SDR,STOI,WB_PESQ,NB_PESQ,avg_loss
train_run1,20.331584,0.867179,2.932037,3.296679,-20.331584
train_run2,20.384221,0.865290,2.925603,3.289613,-20.384221
valid_run1,17.228386,0.885022,2.827867,3.308502,-17.228386
test_run1,17.342306,0.885911,2.846261,3.326640,-17.342306
