,SI_SDR,STOI,WB_PESQ,NB_PESQ,avg_loss
train_run1,16.914453,0.855778,2.766986,3.196382,-16.914453
train_run2,16.959387,0.853586,2.766335,3.189166,-16.959387
valid_run1,15.090380,0.874739,2.652346,3.193746,-15.090380
test_run1,15.269331,0.875515,2.665437,3.208058,-15.269331
