,SI_SDR,STOI,WB_PESQ,NB_PESQ,avg_loss
train_run1,17.442360,0.820296,2.333171,2.737845,-17.442360
train_run2,17.504928,0.818482,2.339085,2.740227,-17.504928
valid_run1,14.621314,0.836165,2.076837,2.590831,-14.621314
test_run1,14.772255,0.837505,2.086396,2.602588,-14.772255
