,SI_SDR,STOI,WB_PESQ,NB_PESQ,avg_loss
train_run1,16.272088,0.853272,2.768485,3.169144,-16.272088
train_run2,16.305418,0.851174,2.763189,3.161848,-16.305418
valid_run1,14.878861,0.872534,2.654706,3.177418,-14.878861
test_run1,15.016762,0.873642,2.676071,3.196183,-15.016762
