,SI_SDR,STOI,WB_PESQ,NB_PESQ,avg_loss
train_run1,19.724347,0.862416,2.836980,3.230030,-19.724347
train_run2,19.789826,0.860654,2.832382,3.224938,-19.789826
valid_run1,16.835391,0.881018,2.732338,3.237721,-16.835391
test_run1,16.910563,0.881760,2.749855,3.255626,-16.910563
