,SI_SDR,STOI,WB_PESQ,NB_PESQ,avg_loss
train_run1,16.703736,0.854869,2.747326,3.180093,-16.703736
train_run2,16.751844,0.852819,2.745853,3.173439,-16.751844
valid_run1,14.936604,0.873817,2.631592,3.177936,-14.936604
test_run1,15.084291,0.874760,2.644466,3.190826,-15.084291
