,SI_SDR,STOI,WB_PESQ,NB_PESQ,avg_loss
train_run1,20.285947,0.868259,2.906604,3.282191,-20.285947
train_run2,20.352738,0.866561,2.902853,3.275841,-20.352738
valid_run1,17.191921,0.886395,2.798548,3.284045,-17.191921
test_run1,17.299582,0.887309,2.819717,3.302955,-17.299582
