,SI_SDR,STOI,WB_PESQ,NB_PESQ,avg_loss
train_run1,17.192672,0.823280,2.376649,2.855294,-17.192672
train_run2,17.238482,0.821089,2.379478,2.853093,-17.238482
valid_run1,14.338411,0.843386,2.181420,2.812229,-14.338411
test_run1,14.433708,0.844926,2.198536,2.831633,-14.433708
