,SI_SDR,STOI,WB_PESQ,NB_PESQ,avg_loss
train_run1,16.561664,0.858614,2.827056,3.208390,-16.561664
train_run2,16.588551,0.856814,2.818999,3.200890,-16.588551
valid_run1,15.174806,0.877515,2.716700,3.217139,-15.174806
test_run1,15.314245,0.878682,2.736932,3.231935,-15.314245
