,SI_SDR,STOI,WB_PESQ,NB_PESQ,avg_loss
train_run1,17.634487,0.869875,2.944117,3.320457,-17.634487
train_run2,17.676699,0.867989,2.941666,3.315493,-17.676699
valid_run1,15.992951,0.888050,2.853494,3.333257,-15.992951
test_run1,16.089540,0.888688,2.867647,3.347992,-16.089540
