,SI_SDR,STOI,WB_PESQ,NB_PESQ,avg_loss
train_run1,15.720902,0.842139,2.674709,3.099200,-15.720902
train_run2,15.755517,0.839994,2.668550,3.092972,-15.755517
valid_run1,14.313561,0.862211,2.546874,3.102802,-14.313561
test_run1,14.445051,0.863427,2.564707,3.120022,-14.445051
