,SI_SDR,STOI,WB_PESQ,NB_PESQ,avg_loss
train_run1,18.182630,0.878462,3.090440,3.400447,-18.182630
train_run2,18.219760,0.876751,3.087391,3.395841,-18.219760
valid_run1,16.379862,0.893791,2.972736,3.397406,-16.379862
valid_run2,16.379862,0.893791,2.972736,3.397406,-16.379862
test_run1,16.532110,0.894633,2.990602,3.415333,-16.532110
test_run2,16.532110,0.894633,2.990602,3.415333,-16.532110
