,SI_SDR,STOI,WB_PESQ,NB_PESQ,avg_loss
train_run1,20.076587,0.865340,2.914217,3.290889,-20.076587
train_run2,20.118772,0.863470,2.907048,3.285073,-20.118772
valid_run1,17.038453,0.883682,2.807108,3.298090,-17.038453
test_run1,17.157788,0.884707,2.827146,3.318752,-17.157788
