,SI_SDR,STOI,WB_PESQ,NB_PESQ,avg_loss
train_run1,19.483645,0.860994,2.818317,3.199467,-19.483645
train_run2,19.561933,0.859047,2.814601,3.192483,-19.561933
valid_run1,16.576858,0.879155,2.691134,3.182758,-16.576858
test_run1,16.697721,0.880169,2.708847,3.199638,-16.697721
