,SI_SDR,STOI,WB_PESQ,NB_PESQ,avg_loss
train_run1,18.801818,0.849739,2.717374,3.135844,-18.801818
train_run2,18.604116,0.846961,2.699943,3.122283,-18.604116
valid_run1,15.946558,0.869091,2.581375,3.128017,-15.946558
test_run1,16.039904,0.870189,2.598168,3.145350,-16.039904
