,SI_SDR,STOI,WB_PESQ,NB_PESQ,avg_loss
train_run1,18.861325,0.851907,2.730932,3.157973,-18.861325
train_run2,18.671626,0.849438,2.714196,3.142849,-18.671626
valid_run1,15.964274,0.871176,2.602747,3.155138,-15.964274
test_run1,16.071891,0.872123,2.619447,3.171514,-16.071891
