,SI_SDR,STOI,WB_PESQ,NB_PESQ,avg_loss
train_run1,20.323930,0.866280,2.953728,3.303765,-20.323930
train_run2,20.079577,0.863536,2.934198,3.288258,-20.079577
valid_run1,17.156561,0.883649,2.824978,3.298504,-17.156561
test_run1,17.279194,0.884587,2.845247,3.317825,-17.279194
